MaPhim,MaQuocGia
496243,KR
335983,CN
324786,CN
466272,CN
228150,CN
293167,CN
110415,KR
47971,CN
670,KR
315837,CN
257344,CN
345940,CN
339964,CN
282035,CN
396535,KR
68735,CN
337401,CN
419704,CN
38575,CN
373571,CN
324668,CN
140300,CN
157353,CN
311324,CN
453405,CN
338762,CN
290859,CN
290595,CN
343611,CN
479455,CN
369885,CN
1735,CN
387426,KR
639933,CN
522938,CN
14756,CN
396371,CN
11423,KR
290098,KR
458576,CN
146,CN
516486,CN
1255,KR
2044,KR
9470,CN
379149,CN
68737,CN
365942,CN
49797,KR
325348,CN
581392,KR
257088,CN
37472,CN
615656,CN
79,CN
347375,CN
399402,CN
460668,CN
339967,KR
458594,CN
431580,CN
437557,CN
10027,CN
449924,CN
395458,CN
614696,KR
365222,CN
1729,CN
293670,KR
4550,KR
9550,CN
501907,CN
491584,KR
287948,CN
316152,CN
316152,KR
522518,CN
1985,CN
440471,CN
30018,KR
565310,CN
4689,KR
290751,KR
300681,CN
560050,CN
471506,KR
51608,KR
13855,KR
7549,CN
550205,CN
555974,CN
423899,CN
200085,KR
7979,CN
14202,CN
1280,KR
4552,KR
755812,KR
441130,CN
508763,CN
308504,KR
322240,CN
486589,KR
556694,CN
113,KR
412988,CN
271404,CN
488623,KR
581389,KR
705996,KR
227783,KR
397567,KR
437068,KR
615904,CN
666243,KR
76544,CN
22536,KR
581528,KR
535167,CN
844,CN
254375,CN
44865,CN
11344,KR
480042,CN
457332,CN
12289,CN
12289,KR
98567,CN
76758,CN
523777,CN
3603,KR
1989,CN
575604,KR
1494,CN
15067,KR
11636,CN
245842,CN
42194,CN
18438,KR
270774,CN
4588,CN
2440,KR
437109,KR
11658,KR
263341,CN
470114,CN
496450,CN
726684,CN
726684,KR
255709,KR
46528,KR
89708,CN
89708,KR
508642,KR
745881,KR
81481,KR
390497,KR
293767,CN
518068,KR
449985,CN
851644,KR
448776,CN
300168,CN
513347,CN
11178,KR
581387,KR
843794,KR
426284,KR
450001,CN
31967,KR
253450,CN
845222,KR
604822,CN
460648,CN
241254,KR
5488,KR
530254,KR
632322,CN
57361,KR
289720,CN
568300,KR
566454,CN
271706,CN
33196,KR
573699,CN
429450,KR
611291,KR
15384,CN
15384,KR
454458,CN
553512,KR
165213,KR
269494,KR
389868,KR
290864,CN
32909,CN
158445,KR
428045,CN
663558,CN
335777,KR
615453,CN
10253,KR
575813,CN
48492,CN
842675,CN
309302,CN
381890,CN
59421,KR
360638,CN
94047,KR
30596,CN
14197,KR
518896,CN
383785,CN
383785,KR
170657,CN
33908,KR
463319,CN
123377,KR
11653,CN
55292,CN
413658,CN
1450,CN
219572,CN
276905,CN
849869,KR
736732,KR
800345,KR
334298,CN
47854,CN
665399,KR
575428,CN
620249,CN
479718,KR
204553,KR
35854,CN
18377,KR
363579,KR
938008,KR
14392,CN
45202,KR
8653,KR
585077,CN
571785,KR
187022,CN
435366,KR
15859,KR
35138,CN
441393,CN
47909,KR
14310,CN
408266,CN
333667,CN
140212,KR
795607,CN
626872,KR
452015,KR
811634,CN
8198,VN
124157,KR
432836,KR
799379,KR
467824,KR
