NgayPhatHanh,Nam,Thang,Quy,ThapKy,GiaiDoan
2019-05-30,2019,5,2,2010s,2015-2019
2018-09-28,2018,9,3,2010s,2015-2019
2016-10-07,2016,10,4,2010s,2015-2019
2019-07-24,2019,7,3,2010s,2015-2019
2014-10-15,2014,10,4,2010s,2010-2014
2017-03-08,2017,3,1,2010s,2015-2019
2013-08-01,2013,8,3,2010s,2010-2014
2017-01-13,2017,1,1,2010s,2015-2019
2003-11-21,2003,11,4,2000s,2000-2009
2017-03-29,2017,3,1,2010s,2015-2019
2015-07-16,2015,7,3,2010s,2015-2019
2018-08-09,2018,8,3,2010s,2015-2019
2017-07-20,2017,7,3,2010s,2015-2019
2017-06-06,2017,6,2,2010s,2015-2019
2016-07-20,2016,7,3,2010s,2015-2019
2016-05-25,2016,5,2,2010s,2015-2019
2020-09-04,2020,9,3,2020s,2020-2025
2019-09-17,2019,9,3,2010s,2015-2019
2010-06-10,2010,6,2,2010s,2010-2014
2019-05-29,2019,5,2,2010s,2015-2019
2016-07-27,2016,7,3,2010s,2015-2019
2016-01-23,2016,1,1,2010s,2015-2019
2014-04-16,2014,4,2,2010s,2010-2014
2016-12-16,2016,12,4,2010s,2015-2019
2019-10-02,2019,10,4,2010s,2015-2019
2020-03-05,2020,3,1,2020s,2020-2025
2019-10-23,2019,10,4,2010s,2015-2019
2016-04-06,2016,4,2,2010s,2015-2019
2016-10-19,2016,10,4,2010s,2015-2019
2019-06-12,2019,6,2,2010s,2015-2019
2016-11-17,2016,11,4,2010s,2015-2019
2008-07-01,2008,7,3,2000s,2000-2009
2017-06-28,2017,6,2,2010s,2015-2019
2022-04-07,2022,4,2,2020s,2020-2025
2019-09-19,2019,9,3,2010s,2015-2019
2008-12-12,2008,12,4,2000s,2000-2009
2017-12-07,2017,12,4,2010s,2015-2019
2003-05-02,2003,5,2,2000s,2000-2009
2016-06-01,2016,6,2,2010s,2015-2019
2020-12-03,2020,12,4,2020s,2020-2025
2000-07-06,2000,7,3,2000s,2000-2009
2020-07-10,2020,7,3,2020s,2020-2025
2006-07-27,2006,7,3,2000s,2000-2009
2006-06-16,2006,6,2,2000s,2000-2009
2004-02-10,2004,2,1,2000s,2000-2009
2017-09-28,2017,9,3,2010s,2015-2019
2014-12-12,2014,12,4,2010s,2010-2014
2017-01-26,2017,1,1,2010s,2015-2019
2010-08-12,2010,8,3,2010s,2010-2014
2015-09-12,2015,9,3,2010s,2015-2019
2020-07-15,2020,7,3,2020s,2020-2025
2015-12-03,2015,12,4,2010s,2015-2019
2010-04-29,2010,4,2,2010s,2010-2014
2023-08-02,2023,8,3,2020s,2020-2025
2002-07-22,2002,7,3,2000s,2000-2009
2018-08-16,2018,8,3,2010s,2015-2019
2018-10-19,2018,10,4,2010s,2015-2019
2018-04-19,2018,4,2,2010s,2015-2019
2017-04-06,2017,4,2,2010s,2015-2019
2018-09-06,2018,9,3,2010s,2015-2019
2018-03-14,2018,3,1,2010s,2015-2019
2005-02-02,2005,2,1,2000s,2000-2009
2019-12-19,2019,12,4,2010s,2015-2019
2017-10-26,2017,10,4,2010s,2015-2019
2020-06-24,2020,6,2,2020s,2020-2025
2015-12-24,2015,12,4,2010s,2015-2019
2008-04-18,2008,4,2,2000s,2000-2009
2016-05-12,2016,5,2,2010s,2015-2019
2005-07-29,2005,7,3,2000s,2000-2009
2004-05-19,2004,5,2,2000s,2000-2009
2019-09-07,2019,9,3,2010s,2015-2019
2018-05-17,2018,5,2,2010s,2015-2019
2015-09-02,2015,9,3,2010s,2015-2019
2016-06-24,2016,6,2,2010s,2015-2019
2019-05-03,2019,5,2,2010s,2015-2019
2005-08-31,2005,8,3,2000s,2000-2009
2018-06-05,2018,6,2,2010s,2015-2019
2009-05-28,2009,5,2,2000s,2000-2009
2019-07-12,2019,7,3,2010s,2015-2019
2002-03-29,2002,3,1,2000s,2000-2009
2015-10-14,2015,10,4,2010s,2015-2019
2018-10-25,2018,10,4,2010s,2015-2019
2020-10-16,2020,10,4,2020s,2020-2025
2010-08-04,2010,8,3,2010s,2010-2014
2008-02-14,2008,2,1,2000s,2000-2009
2006-01-26,2006,1,1,2000s,2000-2009
2021-01-15,2021,1,1,2020s,2020-2025
2020-02-20,2020,2,1,2020s,2020-2025
2017-09-13,2017,9,3,2010s,2015-2019
2013-08-14,2013,8,3,2010s,2010-2014
2007-12-14,2007,12,4,2000s,2000-2009
2006-12-09,2006,12,4,2000s,2000-2009
2004-10-15,2004,10,4,2000s,2000-2009
2003-06-13,2003,6,2,2000s,2000-2009
2020-12-18,2020,12,4,2020s,2020-2025
2020-10-26,2020,10,4,2020s,2020-2025
2019-01-10,2019,1,1,2010s,2015-2019
2015-04-03,2015,4,2,2010s,2015-2019
2016-08-03,2016,8,3,2010s,2015-2019
2019-07-25,2019,7,3,2010s,2015-2019
2022-08-24,2022,8,3,2020s,2020-2025
2003-09-19,2003,9,3,2000s,2000-2009
2018-08-22,2018,8,3,2010s,2015-2019
2017-10-20,2017,10,4,2010s,2015-2019
2017-11-29,2017,11,4,2010s,2015-2019
2021-02-05,2021,2,1,2020s,2020-2025
2022-06-29,2022,6,2,2020s,2020-2025
2014-01-17,2014,1,1,2010s,2010-2014
2017-12-20,2017,12,4,2010s,2015-2019
2017-08-02,2017,8,3,2010s,2015-2019
2022-02-09,2022,2,1,2020s,2020-2025
2021-08-23,2021,8,3,2020s,2020-2025
2013-07-04,2013,7,3,2010s,2010-2014
2009-04-30,2009,4,2,2000s,2000-2009
2019-05-15,2019,5,2,2010s,2015-2019
2019-02-05,2019,2,1,2010s,2015-2019
2004-05-20,2004,5,2,2000s,2000-2009
2014-08-14,2014,8,3,2010s,2010-2014
2013-01-10,2013,1,1,2010s,2010-2014
2005-04-01,2005,4,2,2000s,2000-2009
2019-06-20,2019,6,2,2010s,2015-2019
2023-07-06,2023,7,3,2020s,2020-2025
2008-07-10,2008,7,3,2000s,2000-2009
2012-12-20,2012,12,4,2010s,2010-2014
2011-12-15,2011,12,4,2010s,2010-2014
2018-09-07,2018,9,3,2010s,2015-2019
2007-03-29,2007,3,1,2000s,2000-2009
2007-11-28,2007,11,4,2000s,2000-2009
2020-11-27,2020,11,4,2020s,2020-2025
2006-12-14,2006,12,4,2000s,2000-2009
2008-07-16,2008,7,3,2000s,2000-2009
2004-09-23,2004,9,3,2000s,2000-2009
2022-01-21,2022,1,1,2020s,2020-2025
2010-03-20,2010,3,1,2010s,2010-2014
2009-05-14,2009,5,2,2000s,2000-2009
2016-07-21,2016,7,3,2010s,2015-2019
2007-09-27,2007,9,3,2000s,2000-2009
2000-09-09,2000,9,3,2000s,2000-2009
2017-06-08,2017,6,2,2010s,2015-2019
2004-02-05,2004,2,1,2000s,2000-2009
2016-02-18,2016,2,1,2010s,2015-2019
2023-07-05,2023,7,3,2020s,2020-2025
2021-05-15,2021,5,2,2020s,2020-2025
2013-10-02,2013,10,4,2010s,2010-2014
2010-12-01,2010,12,4,2010s,2010-2014
2011-09-16,2011,9,3,2010s,2010-2014
2018-03-28,2018,3,1,2010s,2015-2019
2021-07-14,2021,7,3,2020s,2020-2025
2011-09-22,2011,9,3,2010s,2010-2014
2016-08-10,2016,8,3,2010s,2015-2019
2016-11-10,2016,11,4,2010s,2015-2019
2018-08-01,2018,8,3,2010s,2015-2019
2019-03-19,2019,3,1,2010s,2015-2019
2022-10-06,2022,10,4,2020s,2020-2025
2018-05-24,2018,5,2,2010s,2015-2019
2015-02-19,2015,2,1,2010s,2015-2019
2018-08-04,2018,8,3,2010s,2015-2019
2001-07-27,2001,7,3,2000s,2000-2009
2023-01-12,2023,1,1,2020s,2020-2025
2017-04-29,2017,4,2,2010s,2015-2019
2018-12-20,2018,12,4,2010s,2015-2019
2010-02-09,2010,2,1,2010s,2010-2014
2015-08-27,2015,8,3,2010s,2015-2019
2021-07-23,2021,7,3,2020s,2020-2025
2020-09-30,2020,9,3,2020s,2020-2025
2017-12-18,2017,12,4,2010s,2015-2019
2014-08-22,2014,8,3,2010s,2010-2014
2006-12-07,2006,12,4,2000s,2000-2009
2018-06-27,2018,6,2,2010s,2015-2019
2020-10-23,2020,10,4,2020s,2020-2025
2010-12-22,2010,12,4,2010s,2010-2014
2014-09-26,2014,9,3,2010s,2010-2014
2019-01-26,2019,1,1,2010s,2015-2019
2019-03-06,2019,3,1,2010s,2015-2019
2016-07-08,2016,7,3,2010s,2015-2019
2009-07-22,2009,7,3,2000s,2000-2009
2019-01-11,2019,1,1,2010s,2015-2019
2016-12-07,2016,12,4,2010s,2015-2019
2019-08-07,2019,8,3,2010s,2015-2019
2009-01-07,2009,1,1,2000s,2000-2009
2019-05-01,2019,5,2,2010s,2015-2019
2018-11-15,2018,11,4,2010s,2015-2019
2013-02-21,2013,2,1,2010s,2010-2014
2014-05-29,2014,5,2,2010s,2010-2014
2016-08-17,2016,8,3,2010s,2015-2019
2014-10-31,2014,10,4,2010s,2010-2014
2009-11-26,2009,11,4,2000s,2000-2009
2013-01-23,2013,1,1,2010s,2010-2014
2019-08-16,2019,8,3,2010s,2015-2019
2021-02-06,2021,2,1,2020s,2020-2025
2017-08-11,2017,8,3,2010s,2015-2019
2019-07-26,2019,7,3,2010s,2015-2019
2007-08-01,2007,8,3,2000s,2000-2009
2019-10-25,2019,10,4,2010s,2015-2019
2010-09-18,2010,9,3,2010s,2010-2014
2023-01-22,2023,1,1,2020s,2020-2025
2016-02-08,2016,2,1,2010s,2015-2019
2010-08-19,2010,8,3,2010s,2010-2014
2015-10-07,2015,10,4,2010s,2015-2019
2011-12-21,2011,12,4,2010s,2010-2014
2009-12-18,2009,12,4,2000s,2000-2009
2008-05-26,2008,5,2,2000s,2000-2009
2022-08-05,2022,8,3,2020s,2020-2025
2017-01-27,2017,1,1,2010s,2015-2019
2013-02-07,2013,2,1,2010s,2010-2014
2004-08-20,2004,8,3,2000s,2000-2009
2018-09-30,2018,9,3,2010s,2015-2019
2012-09-05,2012,9,3,2010s,2010-2014
2005-05-11,2005,5,2,2000s,2000-2009
2011-01-20,2011,1,1,2010s,2010-2014
2016-11-18,2016,11,4,2010s,2015-2019
2009-04-02,2009,4,2,2000s,2000-2009
2013-12-24,2013,12,4,2010s,2010-2014
2016-01-14,2016,1,1,2010s,2015-2019
2023-02-17,2023,2,1,2020s,2020-2025
2022-06-08,2022,6,2,2020s,2020-2025
2010-09-01,2010,9,3,2010s,2010-2014
2019-10-09,2019,10,4,2010s,2015-2019
2019-12-06,2019,12,4,2010s,2015-2019
2019-08-27,2019,8,3,2010s,2015-2019
2017-10-03,2017,10,4,2010s,2015-2019
2013-07-03,2013,7,3,2010s,2010-2014
2007-07-26,2007,7,3,2000s,2000-2009
2016-09-07,2016,9,3,2010s,2015-2019
2022-07-13,2022,7,3,2020s,2020-2025
2007-12-12,2007,12,4,2000s,2000-2009
2010-05-13,2010,5,2,2010s,2010-2014
2000-04-22,2000,4,2,2000s,2000-2009
2019-06-07,2019,6,2,2010s,2015-2019
2020-02-22,2020,2,1,2020s,2020-2025
2013-10-04,2013,10,4,2010s,2010-2014
2017-02-09,2017,2,1,2010s,2015-2019
2004-11-05,2004,11,4,2000s,2000-2009
2010-02-14,2010,2,1,2010s,2010-2014
2018-09-21,2018,9,3,2010s,2015-2019
2003-12-12,2003,12,4,2000s,2000-2009
2017-08-25,2017,8,3,2010s,2015-2019
2012-11-08,2012,11,4,2010s,2010-2014
2022-08-03,2022,8,3,2020s,2020-2025
2018-01-31,2018,1,1,2010s,2015-2019
2021-04-02,2021,4,2,2020s,2020-2025
2002-11-22,2002,11,4,2000s,2000-2009
2012-07-25,2012,7,3,2010s,2010-2014
2017-09-07,2017,9,3,2010s,2015-2019
2022-09-21,2022,9,3,2020s,2020-2025
2018-07-25,2018,7,3,2010s,2015-2019
