MaPhim,NgayPhatHanh,NamPhatHanh,DiemDanhGiaTB,SoLuotDanhGia,DuSoLuotDanhGia,DoPhoBien,ThoiLuong,ThoiLuongAPI,ThoiLuongPhanTich,NguonThoiLuong,NganSach,NganSachAPI,NganSachPhanTich,NguonNganSach,DoanhThu,DoanhThuAPI,DoanhThuPhanTich,NguonDoanhThu,LoiNhuan,TySuatDoanhThuNganSach,CoThoiLuong,CoNganSach,CoDoanhThu,ThoiLuongBatThuong,NhomDiemDanhGia,NhomDoPhoBien,NhomThoiLuong,NhomDoanhThu
496243,2019-05-30,2019,8.515,16430,True,64.627,133.0,,133,Gốc,11363000.0,,11363000,Gốc,257591776.0,,257591776,Gốc,246228776,22.669345771363197,True,True,True,False,Cao,Cao,Dai,Cao
335983,2018-09-28,2018,6.826,14724,True,48.649,112.0,,112,Gốc,116000000.0,,116000000,Gốc,856085151.0,,856085151,Gốc,740085151,7.380044405172414,True,True,True,False,Trung binh,Cao,Trung binh,Cao
324786,2016-10-07,2016,8.195,12668,True,74.994,139.0,,139,Gốc,40000000.0,,40000000,Gốc,175302354.0,,175302354,Gốc,135302354,4.38255885,True,True,True,False,Cao,Cao,Dai,Cao
466272,2019-07-24,2019,7.437,12237,True,47.706,162.0,,162,Gốc,95000000.0,,95000000,Gốc,374251247.0,,374251247,Gốc,279251247,3.939486810526316,True,True,True,False,Trung binh,Cao,Dai,Cao
228150,2014-10-15,2014,7.518,11021,True,90.378,135.0,,135,Gốc,68000000.0,,68000000,Gốc,211817906.0,,211817906,Gốc,143817906,3.114969205882353,True,True,True,False,Cao,Cao,Dai,Cao
293167,2017-03-08,2017,6.514,9696,True,39.514,118.0,,118,Gốc,185000000.0,,185000000,Gốc,566652812.0,,566652812,Gốc,381652812,3.062988172972973,True,True,True,False,Trung binh,Cao,Trung binh,Cao
110415,2013-08-01,2013,6.902,8905,True,34.597,127.0,,127,Gốc,39200000.0,,39200000,Gốc,86758912.0,,86758912,Gốc,47558912,2.2132375510204083,True,True,True,False,Trung binh,Cao,Dai,Cao
47971,2017-01-13,2017,6.138,8541,True,60.062,107.0,,107,Gốc,85000000.0,,85000000,Gốc,346147658.0,,346147658,Gốc,261147658,4.072325388235294,True,True,True,False,Thap,Cao,Trung binh,Cao
670,2003-11-21,2003,8.274,7790,True,53.128,120.0,,120,Gốc,3000000.0,,3000000,Gốc,15194593.0,,15194593,Gốc,12194593,5.064864333333333,True,True,True,False,Cao,Cao,Trung binh,Thap
315837,2017-03-29,2017,6.066,7581,True,32.851,107.0,,107,Gốc,110000000.0,,110000000,Gốc,169801921.0,,169801921,Gốc,59801921,1.5436538272727274,True,True,True,False,Thap,Cao,Trung binh,Cao
257344,2015-07-16,2015,5.716,7061,True,32.028,105.0,,105,Gốc,88000000.0,,88000000,Gốc,244874809.0,,244874809,Gốc,156874809,2.782668284090909,True,True,True,False,Thap,Cao,Ngan,Cao
345940,2018-08-09,2018,6.256,7018,True,101.431,113.0,,113,Gốc,150000000.0,,150000000,Gốc,530517320.0,,530517320,Gốc,380517320,3.5367821333333334,True,True,True,False,Thap,Cao,Trung binh,Cao
339964,2017-07-20,2017,6.625,6987,True,36.195,136.0,,136,Gốc,177200000.0,,177200000,Gốc,225973340.0,,225973340,Gốc,48773340,1.2752445823927765,True,True,True,False,Trung binh,Cao,Dai,Cao
282035,2017-06-06,2017,5.507,6741,True,21.893,110.0,,110,Gốc,125000000.0,,125000000,Gốc,409231607.0,,409231607,Gốc,284231607,3.273852856,True,True,True,False,Thap,Trung binh,Trung binh,Cao
396535,2016-07-20,2016,7.8,6694,True,49.553,118.0,,118,Gốc,8500000.0,,8500000,Gốc,87547518.0,,87547518,Gốc,79047518,10.299708,True,True,True,False,Cao,Cao,Trung binh,Cao
68735,2016-05-25,2016,6.364,6340,True,37.312,123.0,,123,Gốc,160000000.0,,160000000,Gốc,433677183.0,,433677183,Gốc,273677183,2.71048239375,True,True,True,False,Thap,Cao,Dai,Cao
337401,2020-09-04,2020,6.906,6280,True,43.222,115.0,,115,Gốc,200000000.0,,200000000,Gốc,66800000.0,,66800000,Gốc,-133200000,0.334,True,True,True,False,Trung binh,Cao,Trung binh,Trung binh
419704,2019-09-17,2019,6.1,6143,True,11.084,123.0,,123,Gốc,87500000.0,,87500000,Gốc,127461872.0,,127461872,Gốc,39961872,1.4567071085714285,True,True,True,False,Thap,Thap,Dai,Cao
38575,2010-06-10,2010,6.527,5545,True,49.169,140.0,,140,Gốc,40000000.0,,40000000,Gốc,359126022.0,,359126022,Gốc,319126022,8.97815055,True,True,True,False,Trung binh,Cao,Dai,Cao
373571,2019-05-29,2019,6.674,5479,True,53.983,132.0,,132,Gốc,170000000.0,,170000000,Gốc,386600138.0,,386600138,Gốc,216600138,2.2741184588235295,True,True,True,False,Trung binh,Cao,Dai,Cao
324668,2016-07-27,2016,6.329,5362,True,28.778,123.0,,123,Gốc,120000000.0,,120000000,Gốc,415484914.0,,415484914,Gốc,295484914,3.4623742833333333,True,True,True,False,Thap,Cao,Dai,Cao
140300,2016-01-23,2016,6.878,5327,True,45.002,95.0,,95,Gốc,145000000.0,,145000000,Gốc,521170825.0,,521170825,Gốc,376170825,3.594281551724138,True,True,True,False,Trung binh,Cao,Ngan,Cao
157353,2014-04-16,2014,6.029,5102,True,20.628,119.0,,119,Gốc,100000000.0,,100000000,Gốc,103039258.0,,103039258,Gốc,3039258,1.03039258,True,True,True,False,Thap,Trung binh,Trung binh,Cao
311324,2016-12-16,2016,6.005,4748,True,32.601,103.0,,103,Gốc,150000000.0,,150000000,Gốc,331957105.0,,331957105,Gốc,181957105,2.213047366666667,True,True,True,False,Thap,Cao,Ngan,Cao
453405,2019-10-02,2019,6.311,4718,True,23.667,117.0,,117,Gốc,140000000.0,,140000000,Gốc,173469516.0,,173469516,Gốc,33469516,1.2390679714285715,True,True,True,False,Thap,Cao,Trung binh,Cao
338762,2020-03-05,2020,6.76,4681,True,29.852,110.0,,110,Gốc,42000000.0,,42000000,Gốc,39861118.0,,39861118,Gốc,-2138882,0.949074238095238,True,True,True,False,Trung binh,Cao,Trung binh,Trung binh
290859,2019-10-23,2019,6.455,4652,True,39.447,128.0,,128,Gốc,185000000.0,,185000000,Gốc,261119292.0,,261119292,Gốc,76119292,1.4114556324324323,True,True,True,False,Trung binh,Cao,Dai,Cao
290595,2016-04-06,2016,6.288,4573,True,23.024,114.0,,114,Gốc,115000000.0,,115000000,Gốc,164989338.0,,164989338,Gốc,49989338,1.4346898956521739,True,True,True,False,Thap,Trung binh,Trung binh,Cao
343611,2016-10-19,2016,5.945,4489,True,57.904,118.0,,118,Gốc,60000000.0,,60000000,Gốc,162146076.0,,162146076,Gốc,102146076,2.7024346,True,True,True,False,Thap,Cao,Trung binh,Cao
479455,2019-06-12,2019,5.937,4478,True,24.845,115.0,,115,Gốc,110000000.0,,110000000,Gốc,253890701.0,,253890701,Gốc,143890701,2.3080972818181817,True,True,True,False,Thap,Cao,Trung binh,Cao
369885,2016-11-17,2016,6.8,4251,True,13.298,124.0,,124,Gốc,85000000.0,,85000000,Gốc,119520023.0,,119520023,Gốc,34520023,1.4061179176470588,True,True,True,False,Trung binh,Thap,Dai,Cao
1735,2008-07-01,2008,5.469,4121,True,34.964,112.0,,112,Gốc,145000000.0,,145000000,Gốc,403449830.0,,403449830,Gốc,258449830,2.782412620689655,True,True,True,False,Thap,Cao,Trung binh,Cao
387426,2017-06-28,2017,7.389,3999,True,18.143,122.0,,122,Gốc,50000000.0,,50000000,Gốc,,,,Không có,,,True,True,False,False,Trung binh,Trung binh,Dai,nan
639933,2022-04-07,2022,7.1,3589,True,53.571,137.0,,137,Gốc,70000000.0,,70000000,Gốc,69633110.0,,69633110,Gốc,-366890,0.9947587142857143,True,True,True,False,Trung binh,Cao,Dai,Trung binh
522938,2019-09-19,2019,6.521,3535,True,46.016,89.0,,89,Gốc,50000000.0,,50000000,Gốc,91490353.0,,91490353,Gốc,41490353,1.82980706,True,True,True,False,Trung binh,Cao,Ngan,Cao
14756,2008-12-12,2008,7.8,3444,True,14.247,106.0,,106,Gốc,11715578.0,,11715578,Gốc,22108789.0,,22108789,Gốc,10393211,1.887127463962939,True,True,True,False,Cao,Thap,Trung binh,Trung binh
396371,2017-12-07,2017,7.154,3432,True,16.556,140.0,,140,Gốc,30000000.0,,30000000,Gốc,59284015.0,,59284015,Gốc,29284015,1.9761338333333334,True,True,True,False,Trung binh,Trung binh,Dai,Trung binh
11423,2003-05-02,2003,8.066,3351,True,29.117,131.0,,131,Gốc,2800000.0,,2800000,Gốc,26000000.0,,26000000,Gốc,23200000,9.285714285714286,True,True,True,False,Cao,Cao,Dai,Trung binh
290098,2016-06-01,2016,8.246,3299,True,55.173,145.0,,145,Gốc,8575000.0,,8575000,Gốc,38600000.0,,38600000,Gốc,30025000,4.501457725947522,True,True,True,False,Cao,Cao,Dai,Trung binh
458576,2020-12-03,2020,6.647,3023,True,40.804,104.0,,104,Gốc,60000000.0,,60000000,Gốc,42145959.0,,42145959,Gốc,-17854041,0.70243265,True,True,True,False,Trung binh,Cao,Ngan,Trung binh
146,2000-07-06,2000,7.409,2914,True,25.021,120.0,,120,Gốc,17000000.0,,17000000,Gốc,213525736.0,,213525736,Gốc,196525736,12.560337411764706,True,True,True,False,Trung binh,Cao,Trung binh,Cao
516486,2020-07-10,2020,7.419,2571,True,23.324,91.0,,91,Gốc,50300000.0,,50300000,Gốc,,,,Không có,,,True,True,False,False,Trung binh,Trung binh,Ngan,nan
1255,2006-07-27,2006,6.982,2520,True,23.431,119.0,,119,Gốc,11000000.0,,11000000,Gốc,88489643.0,,88489643,Gốc,77489643,8.044513,True,True,True,False,Trung binh,Cao,Trung binh,Cao
2044,2006-06-16,2006,6.989,2507,True,21.061,99.0,,99,Gốc,40000000.0,,40000000,Gốc,114830111.0,,114830111,Gốc,74830111,2.870752775,True,True,True,False,Trung binh,Trung binh,Ngan,Cao
9470,2004-02-10,2004,7.404,2504,True,32.128,99.0,,99,Gốc,20000000.0,,20000000,Gốc,102034104.0,,102034104,Gốc,82034104,5.1017052,True,True,True,False,Trung binh,Cao,Ngan,Cao
379149,2017-09-28,2017,6.965,2389,True,43.205,113.0,,113,Gốc,35000000.0,,35000000,Gốc,145374099.0,,145374099,Gốc,110374099,4.153545685714286,True,True,True,False,Trung binh,Cao,Trung binh,Cao
68737,2014-12-12,2014,5.492,2358,True,30.928,102.0,,102,Gốc,95000000.0,,95000000,Gốc,114178613.0,,114178613,Gốc,19178613,1.2018801368421053,True,True,True,False,Thap,Cao,Ngan,Cao
365942,2017-01-26,2017,7.1,2317,True,13.85,121.0,,121,Gốc,30000000.0,,30000000,Gốc,14793385.0,,14793385,Gốc,-15206615,0.49311283333333333,True,True,True,False,Trung binh,Thap,Dai,Thap
49797,2010-08-12,2010,7.802,2257,True,24.682,144.0,,144,Gốc,,,,Không có,,,,Không có,,,True,False,False,False,Cao,Cao,Dai,nan
325348,2015-09-12,2015,6.382,2211,True,19.836,96.0,,96,Gốc,2000000.0,,2000000,Gốc,14333790.0,,14333790,Gốc,12333790,7.166895,True,True,True,False,Thap,Trung binh,Ngan,Thap
581392,2020-07-15,2020,6.8,2164,True,30.117,115.0,,115,Gốc,17000000.0,,17000000,Gốc,42698327.0,,42698327,Gốc,25698327,2.511666294117647,True,True,True,False,Trung binh,Cao,Trung binh,Trung binh
257088,2015-12-03,2015,5.921,2125,True,22.607,113.0,,113,Gốc,105000000.0,,105000000,Gốc,133718711.0,,133718711,Gốc,28718711,1.2735115333333333,True,True,True,False,Thap,Trung binh,Trung binh,Cao
37472,2010-04-29,2010,7.5,2058,True,4.28,108.0,,108,Gốc,12902809.0,,12902809,Gốc,36000000.0,,36000000,Gốc,23097191,2.790090126886324,True,True,True,False,Cao,Thap,Trung binh,Trung binh
615656,2023-08-02,2023,6.912,2034,True,1567.273,116.0,,116,Gốc,129000000.0,,129000000,Gốc,384056482.0,,384056482,Gốc,255056482,2.977182031007752,True,True,True,False,Trung binh,Cao,Trung binh,Cao
79,2002-07-22,2002,7.509,2032,True,21.472,99.0,,99,Gốc,31000000.0,,31000000,Gốc,177394432.0,,177394432,Gốc,146394432,5.722401032258064,True,True,True,False,Cao,Trung binh,Ngan,Cao
347375,2018-08-16,2018,6.198,2022,True,19.766,95.0,,95,Gốc,35000000.0,,35000000,Gốc,66308758.0,,66308758,Gốc,31308758,1.8945359428571429,True,True,True,False,Thap,Trung binh,Ngan,Trung binh
399402,2018-10-19,2018,6.86,1955,True,44.024,121.0,,121,Gốc,40000000.0,,40000000,Gốc,31672678.0,,31672678,Gốc,-8327322,0.79181695,True,True,True,False,Trung binh,Cao,Dai,Trung binh
460668,2018-04-19,2018,6.41,1936,True,26.655,110.0,,110,Gốc,32000000.0,,32000000,Gốc,94539426.0,,94539426,Gốc,62539426,2.9543570625,True,True,True,False,Thap,Cao,Trung binh,Cao
339967,2017-04-06,2017,6.296,1894,True,20.733,109.0,,109,Gốc,,,,Không có,3029287.0,,3029287,Gốc,,,True,False,True,False,Thap,Trung binh,Trung binh,Thap
458594,2018-09-06,2018,6.7,1882,True,19.181,102.0,,102,Gốc,25000000.0,,25000000,Gốc,53918723.0,,53918723,Gốc,28918723,2.15674892,True,True,True,False,Trung binh,Trung binh,Ngan,Trung binh
431580,2019-09-19,2019,7.509,1877,True,27.909,97.0,,97,Gốc,75000000.0,,75000000,Gốc,190304772.0,,190304772,Gốc,115304772,2.53739696,True,True,True,False,Cao,Cao,Ngan,Cao
437557,2018-03-14,2018,6.3,1859,True,18.51,102.0,,102,Gốc,21000000.0,,21000000,Gốc,94017294.0,,94017294,Gốc,73017294,4.477014,True,True,True,False,Thap,Trung binh,Ngan,Cao
10027,2005-02-02,2005,6.903,1844,True,20.876,103.0,,103,Gốc,45000000.0,,45000000,Gốc,50871113.0,,50871113,Gốc,5871113,1.1304691777777778,True,True,True,False,Trung binh,Trung binh,Ngan,Trung binh
449924,2019-12-19,2019,7.257,1766,True,11.457,107.0,,107,Gốc,52000000.0,,52000000,Gốc,176345966.0,,176345966,Gốc,124345966,3.391268576923077,True,True,True,False,Trung binh,Thap,Trung binh,Cao
395458,2017-10-26,2017,5.876,1586,True,12.968,105.0,,105,Gốc,25000000.0,,25000000,Gốc,12751667.0,,12751667,Gốc,-12248333,0.51006668,True,True,True,False,Thap,Thap,Ngan,Thap
614696,2020-06-24,2020,7.283,1570,True,24.119,98.0,,98,Gốc,6300000.0,,6300000,Gốc,13416285.0,,13416285,Gốc,7116285,2.1295690476190474,True,True,True,False,Trung binh,Cao,Ngan,Thap
365222,2015-12-24,2015,7.005,1564,True,18.276,105.0,,105,Gốc,36000000.0,,36000000,Gốc,157029618.0,,157029618,Gốc,121029618,4.3619338333333335,True,True,True,False,Trung binh,Trung binh,Ngan,Cao
1729,2008-04-18,2008,6.615,1542,True,31.475,104.0,,104,Gốc,55000000.0,,55000000,Gốc,127906624.0,,127906624,Gốc,72906624,2.325574981818182,True,True,True,False,Trung binh,Cao,Ngan,Cao
293670,2016-05-12,2016,7.331,1504,True,15.353,156.0,,156,Gốc,10951000.0,,10951000,Gốc,49851770.0,,49851770,Gốc,38900770,4.55225732809789,True,True,True,False,Trung binh,Trung binh,Dai,Trung binh
4550,2005-07-29,2005,7.554,1472,True,23.436,115.0,,115,Gốc,,,,Không có,23803308.0,,23803308,Gốc,,,True,False,True,False,Cao,Cao,Trung binh,Trung binh
9550,2004-05-19,2004,7.269,1459,True,19.329,119.0,,119,Gốc,15000000.0,,15000000,Gốc,92863945.0,,92863945,Gốc,77863945,6.190929666666666,True,True,True,False,Trung binh,Trung binh,Trung binh,Cao
501907,2019-09-07,2019,7.0,1447,True,18.327,109.0,,109,Gốc,25000000.0,,25000000,Gốc,67925733.0,,67925733,Gốc,42925733,2.71702932,True,True,True,False,Trung binh,Trung binh,Trung binh,Trung binh
491584,2018-05-17,2018,7.398,1407,True,15.465,148.0,,148,Gốc,7280000.0,,7280000,Gốc,6591038.0,,6591038,Gốc,-688962,0.9053623626373626,True,True,True,False,Trung binh,Trung binh,Dai,Thap
287948,2015-09-02,2015,5.507,1377,True,29.475,95.0,,95,Gốc,25000000.0,,25000000,Gốc,72629670.0,,72629670,Gốc,47629670,2.9051868,True,True,True,False,Thap,Cao,Ngan,Trung binh
316152,2016-06-24,2016,6.7,1361,True,14.529,140.0,,140,Gốc,50000000.0,,50000000,Gốc,25035950.0,,25035950,Gốc,-24964050,0.500719,True,True,True,False,Trung binh,Thap,Dai,Trung binh
522518,2019-05-03,2019,8.038,1357,True,32.243,109.0,,109,Gốc,16000000.0,,16000000,Gốc,78871079.0,,78871079,Gốc,62871079,4.9294424375,True,True,True,False,Cao,Cao,Trung binh,Trung binh
1985,2005-08-31,2005,6.979,1342,True,18.348,129.0,,129,Gốc,25000000.0,,25000000,Gốc,82468097.0,,82468097,Gốc,57468097,3.29872388,True,True,True,False,Trung binh,Trung binh,Dai,Trung binh
440471,2018-06-05,2018,5.153,1309,True,29.866,96.0,,96,Gốc,20000000.0,,20000000,Gốc,17500000.0,,17500000,Gốc,-2500000,0.875,True,True,True,False,Thap,Cao,Ngan,Thap
30018,2009-05-28,2009,7.733,1301,True,20.852,129.0,,129,Gốc,5000000.0,,5000000,Gốc,17112713.0,,17112713,Gốc,12112713,3.4225426,True,True,True,False,Cao,Trung binh,Dai,Thap
565310,2019-07-12,2019,7.436,1275,True,11.136,100.0,,100,Gốc,250300.0,,250300,Gốc,23076657.0,,23076657,Gốc,22826357,92.19599280862964,True,True,True,False,Trung binh,Thap,Ngan,Trung binh
4689,2002-03-29,2002,7.486,1271,True,17.446,129.0,,129,Gốc,4000000.0,,4000000,Gốc,1954937.0,,1954937,Gốc,-2045063,0.48873425,True,True,True,False,Cao,Trung binh,Dai,Thap
290751,2015-10-14,2015,6.386,1259,True,13.885,111.0,,111,Gốc,19500000.0,,19500000,Gốc,34854990.0,,34854990,Gốc,15354990,1.7874353846153845,True,True,True,False,Thap,Thap,Trung binh,Trung binh
300681,2018-10-25,2018,6.039,1212,True,24.022,107.0,,107,Gốc,30000000.0,,30000000,Gốc,8100000.0,,8100000,Gốc,-21900000,0.27,True,True,True,False,Thap,Cao,Trung binh,Thap
560050,2020-10-16,2020,7.238,1205,True,19.248,100.0,,100,Gốc,,,,Không có,,,,Không có,,,True,False,False,False,Trung binh,Trung binh,Ngan,nan
471506,2018-09-06,2018,6.575,1203,True,19.863,98.0,,98,Gốc,,,,Không có,,,,Không có,,,True,False,False,False,Trung binh,Trung binh,Ngan,nan
51608,2010-08-04,2010,7.7,1167,True,20.894,119.0,,119,Gốc,1255000.0,,1255000,Gốc,43059790.0,,43059790,Gốc,41804790,34.31058964143426,True,True,True,False,Cao,Trung binh,Trung binh,Trung binh
13855,2008-02-14,2008,7.775,1167,True,22.535,125.0,,125,Gốc,120456666.0,,120456666,Gốc,,,,Không có,,,True,True,False,False,Cao,Trung binh,Dai,nan
7549,2006-01-26,2006,7.485,1164,True,22.505,103.0,,103,Gốc,,,,Không có,68072848.0,,68072848,Gốc,,,True,False,True,False,Trung binh,Trung binh,Ngan,Trung binh
550205,2021-01-15,2021,7.957,1160,True,36.98,99.0,,99,Gốc,,,,Không có,25860000.0,,25860000,Gốc,,,True,False,True,False,Cao,Cao,Ngan,Trung binh
555974,2020-02-20,2020,5.984,1150,True,14.342,86.0,,86,Gốc,10000000.0,,10000000,Gốc,20311536.0,,20311536,Gốc,10311536,2.0311536,True,True,True,False,Thap,Thap,Ngan,Trung binh
423899,2017-09-13,2017,6.929,1093,True,19.175,112.0,,112,Gốc,,,,Không có,65421267.0,,65421267,Gốc,,,True,False,True,False,Trung binh,Trung binh,Trung binh,Trung binh
200085,2013-08-14,2013,7.525,1086,True,25.472,122.0,,122,Gốc,,,,Không có,19775853.0,,19775853,Gốc,,,True,False,True,False,Cao,Cao,Dai,Thap
7979,2007-12-14,2007,7.315,1063,True,13.307,128.0,,128,Gốc,20000000.0,,20000000,Gốc,73276047.0,,73276047,Gốc,53276047,3.66380235,True,True,True,False,Trung binh,Thap,Dai,Trung binh
14202,2006-12-09,2006,7.251,1060,True,15.842,125.0,,125,Gốc,19400000.0,,19400000,Gốc,26910847.0,,26910847,Gốc,7510847,1.3871570618556701,True,True,True,False,Trung binh,Trung binh,Dai,Trung binh
1280,2004-10-15,2004,7.796,1039,True,17.856,88.0,,88,Gốc,,,,Không có,3403957.0,,3403957,Gốc,,,True,False,True,False,Cao,Trung binh,Ngan,Thap
4552,2003-06-13,2003,7.105,1036,True,21.041,115.0,,115,Gốc,15050245.0,,15050245,Gốc,1062878.0,,1062878,Gốc,-13987367,0.07062197326355817,True,True,True,False,Trung binh,Trung binh,Trung binh,Thap
755812,2020-12-18,2020,8.167,1021,True,46.147,62.0,,62,Gốc,,,,Không có,,,,Không có,,,True,False,False,False,Cao,Cao,Ngan,nan
441130,2020-10-26,2020,8.249,1018,True,18.931,103.0,,103,Gốc,12000000.0,,12000000,Gốc,1266570.0,,1266570,Gốc,-10733430,0.1055475,True,True,True,False,Cao,Trung binh,Ngan,Thap
508763,2019-01-10,2019,7.339,1009,True,25.165,96.0,,96,Gốc,18000000.0,,18000000,Gốc,17643857.0,,17643857,Gốc,-356143,0.9802142777777778,True,True,True,False,Trung binh,Cao,Ngan,Thap
308504,2015-04-03,2015,6.453,999,True,11.96,115.0,,115,Gốc,40000000.0,,40000000,Gốc,3643591.0,,3643591,Gốc,-36356409,0.091089775,True,True,True,False,Trung binh,Thap,Trung binh,Thap
322240,2016-08-03,2016,5.74,988,True,16.946,87.0,,87,Gốc,30000000.0,,30000000,Gốc,57814445.0,,57814445,Gốc,27814445,1.9271481666666668,True,True,True,False,Thap,Trung binh,Ngan,Trung binh
486589,2019-07-25,2019,7.761,988,True,25.536,92.0,,92,Gốc,,,,Không có,10054356.0,,10054356,Gốc,,,True,False,True,False,Cao,Cao,Ngan,Thap
556694,2022-08-24,2022,6.944,960,True,60.041,108.0,,108,Gốc,60000000.0,,60000000,Gốc,20282422.0,,20282422,Gốc,-39717578,0.33804036666666665,True,True,True,False,Trung binh,Cao,Trung binh,Thap
113,2003-09-19,2003,7.849,954,True,20.583,103.0,,103,Gốc,,,,Không có,8945072.0,,8945072,Gốc,,,True,False,True,False,Cao,Trung binh,Ngan,Thap
412988,2018-08-22,2018,5.735,933,True,13.727,91.0,,91,Gốc,40000000.0,,40000000,Gốc,27506452.0,,27506452,Gốc,-12493548,0.6876613,True,True,True,False,Thap,Thap,Ngan,Trung binh
271404,2017-10-20,2017,5.3,928,True,7.775,105.0,,105,Gốc,20000000.0,,20000000,Gốc,992181.0,,992181,Gốc,-19007819,0.04960905,True,True,True,False,Thap,Thap,Ngan,Thap
488623,2017-11-29,2017,7.979,918,True,17.211,108.0,,108,Gốc,,,,Không có,9968972.0,,9968972,Gốc,,,True,False,True,False,Cao,Trung binh,Trung binh,Thap
581389,2021-02-05,2021,7.109,914,True,21.362,136.0,,136,Gốc,21000000.0,,21000000,Gốc,24571.0,,24571,Gốc,-20975429,0.001170047619047619,True,True,True,False,Trung binh,Trung binh,Dai,Thap
705996,2022-06-29,2022,7.408,894,True,46.48,138.0,,138,Gốc,,,,Không có,16914773.0,,16914773,Gốc,,,True,False,True,False,Trung binh,Cao,Dai,Thap
227783,2014-01-17,2014,5.8,881,True,16.425,85.0,,85,Gốc,42000000.0,,42000000,Gốc,122529966.0,,122529966,Gốc,80529966,2.9173801428571426,True,True,True,False,Thap,Trung binh,Ngan,Cao
397567,2017-12-20,2017,8.106,877,True,25.203,139.0,,139,Gốc,18300000.0,,18300000,Gốc,125983972.0,,125983972,Gốc,107683972,6.884370054644808,True,True,True,False,Cao,Cao,Dai,Cao
437068,2017-08-02,2017,8.065,837,True,15.579,138.0,,138,Gốc,12820005.0,,12820005,Gốc,81927980.0,,81927980,Gốc,69107975,6.390635573075049,True,True,True,False,Cao,Trung binh,Dai,Trung binh
615904,2022-02-09,2022,6.782,836,True,21.375,112.0,,112,Gốc,23000000.0,,23000000,Gốc,44000000.0,,44000000,Gốc,21000000,1.9130434782608696,True,True,True,False,Trung binh,Trung binh,Trung binh,Trung binh
666243,2021-08-23,2021,7.574,834,True,12.627,83.0,,83,Gốc,,,,Không có,,,,Không có,,,True,False,False,False,Cao,Thap,Ngan,nan
76544,2013-07-04,2013,6.065,828,True,16.388,105.0,,105,Gốc,25000000.0,,25000000,Gốc,2054941.0,,2054941,Gốc,-22945059,0.08219764,True,True,True,False,Thap,Trung binh,Ngan,Thap
22536,2009-04-30,2009,7.074,824,True,14.237,134.0,,134,Gốc,5000000.0,,5000000,Gốc,13085023.0,,13085023,Gốc,8085023,2.6170046,True,True,True,False,Trung binh,Thap,Dai,Thap
581528,2019-05-15,2019,7.8,815,True,43.203,110.0,,110,Gốc,6500000.0,,6500000,Gốc,25775371.0,,25775371,Gốc,19275371,3.9654416923076923,True,True,True,False,Cao,Cao,Trung binh,Trung binh
535167,2019-02-05,2019,6.569,797,True,28.833,126.0,,126,Gốc,48000000.0,,48000000,Gốc,,,,Không có,,,True,True,False,False,Trung binh,Cao,Dai,nan
844,2004-05-20,2004,7.212,783,True,16.55,128.0,,128,Gốc,12000000.0,,12000000,Gốc,20205757.0,,20205757,Gốc,8205757,1.6838130833333333,True,True,True,False,Trung binh,Trung binh,Dai,Thap
254375,2014-08-14,2014,6.738,783,True,9.616,114.0,,114,Gốc,,,,Không có,1124445.0,,1124445,Gốc,,,True,False,True,False,Trung binh,Thap,Trung binh,Thap
44865,2013-01-10,2013,6.596,778,True,19.519,130.0,,130,Gốc,3860000.0,,3860000,Gốc,64076736.0,,64076736,Gốc,60216736,16.60019067357513,True,True,True,False,Trung binh,Trung binh,Dai,Trung binh
11344,2005-04-01,2005,7.486,773,True,15.036,120.0,,120,Gốc,,,,Không có,,,,Không có,,,True,False,False,False,Cao,Thap,Trung binh,nan
480042,2019-06-20,2019,5.348,757,True,14.851,97.0,,97,Gốc,3600000.0,,3600000,Gốc,,,,Không có,,,True,True,False,False,Thap,Thap,Ngan,nan
457332,2023-07-06,2023,7.043,751,True,167.954,103.0,,103,Gốc,80000000.0,,80000000,Gốc,,,,Không có,,,True,True,False,False,Trung binh,Cao,Ngan,nan
12289,2008-07-10,2008,7.15,748,True,27.962,145.0,,145,Gốc,80341000.0,,80341000,Gốc,250100000.0,,250100000,Gốc,169759000,3.1129809188334723,True,True,True,False,Trung binh,Cao,Dai,Cao
98567,2012-12-20,2012,6.157,735,True,24.516,109.0,,109,Gốc,48000000.0,,48000000,Gốc,171339013.0,,171339013,Gốc,123339013,3.5695627708333335,True,True,True,False,Thap,Cao,Trung binh,Cao
76758,2011-12-15,2011,7.482,718,True,17.004,146.0,,146,Gốc,94000000.0,,94000000,Gốc,95311434.0,,95311434,Gốc,1311434,1.0139514255319149,True,True,True,False,Trung binh,Trung binh,Dai,Cao
523777,2018-09-07,2018,7.0,697,True,10.707,105.0,,105,Gốc,22000000.0,,22000000,Gốc,,,,Không có,,,True,True,False,False,Trung binh,Thap,Ngan,nan
3603,2007-03-29,2007,5.726,683,True,15.162,87.0,,87,Gốc,,,,Không có,4947717.0,,4947717,Gốc,,,True,False,True,False,Thap,Trung binh,Ngan,Thap
1989,2007-11-28,2007,6.388,682,True,14.779,95.0,,95,Gốc,10000000.0,,10000000,Gốc,21786738.0,,21786738,Gốc,11786738,2.1786738,True,True,True,False,Thap,Thap,Ngan,Trung binh
575604,2020-11-27,2020,7.54,681,True,19.787,112.0,,112,Gốc,,,,Không có,,,,Không có,,,True,False,False,False,Cao,Trung binh,Trung binh,nan
1494,2006-12-14,2006,6.792,663,True,13.002,114.0,,114,Gốc,45000000.0,,45000000,Gốc,78568977.0,,78568977,Gốc,33568977,1.7459772666666666,True,True,True,False,Trung binh,Thap,Trung binh,Trung binh
15067,2008-07-16,2008,7.179,658,True,14.683,130.0,,130,Gốc,10000000.0,,10000000,Gốc,,,,Không có,,,True,True,False,False,Trung binh,Thap,Dai,nan
11636,2004-09-23,2004,7.144,644,True,24.299,123.0,,123,Gốc,,,,Không có,8712057.0,,8712057,Gốc,,,True,False,True,False,Trung binh,Cao,Dai,Thap
245842,2022-01-21,2022,7.12,640,True,15.721,94.0,,94,Gốc,40500000.0,,40500000,Gốc,2182492.0,,2182492,Gốc,-38317508,0.05388869135802469,True,True,True,False,Trung binh,Trung binh,Ngan,Thap
42194,2010-03-20,2010,5.369,628,True,18.398,92.0,,92,Gốc,30000000.0,,30000000,Gốc,967000.0,,967000,Gốc,-29033000,0.032233333333333336,True,True,True,False,Thap,Trung binh,Ngan,Thap
18438,2009-05-14,2009,7.989,614,True,15.54,119.0,,119,Gốc,,,,Không có,,,,Không có,,,True,False,False,False,Cao,Trung binh,Trung binh,nan
270774,2016-07-21,2016,5.677,612,True,18.138,107.0,,107,Gốc,32000000.0,,32000000,Gốc,58500000.0,,58500000,Gốc,26500000,1.828125,True,True,True,False,Thap,Trung binh,Trung binh,Trung binh
4588,2007-09-27,2007,7.191,609,True,24.599,158.0,,158,Gốc,15000000.0,,15000000,Gốc,67091915.0,,67091915,Gốc,52091915,4.472794333333334,True,True,True,False,Trung binh,Cao,Dai,Trung binh
2440,2000-09-09,2000,7.856,602,True,19.221,108.0,,108,Gốc,12500000.0,,12500000,Gốc,,,,Không có,,,True,True,False,False,Cao,Trung binh,Trung binh,nan
437109,2017-06-08,2017,6.842,600,True,15.623,129.0,,129,Gốc,125000.0,,125000,Gốc,8737458.0,,8737458,Gốc,8612458,69.899664,True,True,True,False,Trung binh,Trung binh,Dai,Thap
11658,2004-02-05,2004,7.968,599,True,14.249,148.0,,148,Gốc,1500000.0,,1500000,Gốc,,,,Không có,,,True,True,False,False,Cao,Thap,Dai,nan
263341,2016-02-18,2016,6.124,597,True,18.291,103.0,,103,Gốc,20000000.0,,20000000,Gốc,,,,Không có,,,True,True,False,False,Thap,Trung binh,Ngan,nan
470114,2017-10-26,2017,5.95,596,True,13.933,94.0,,94,Gốc,,,,Không có,5805201.0,,5805201,Gốc,,,True,False,True,False,Thap,Thap,Ngan,Thap
496450,2023-07-05,2023,7.8,593,True,212.626,107.0,,107,Gốc,86000000.0,,86000000,Gốc,36010829.0,,36010829,Gốc,-49989171,0.4187305697674419,True,True,True,False,Cao,Cao,Trung binh,Trung binh
726684,2021-05-15,2021,7.9,585,True,43.873,54.0,,54,Gốc,,,,Không có,,,,Không có,,,True,False,False,False,Cao,Cao,Ngan,nan
255709,2013-10-02,2013,8.374,576,True,14.679,122.0,,122,Gốc,,,,Không có,,,,Không có,,,True,False,False,False,Cao,Thap,Dai,nan
46528,2010-12-01,2010,6.5,564,True,18.762,100.0,,100,Gốc,42000000.0,,42000000,Gốc,11087569.0,,11087569,Gốc,-30912431,0.26398973809523807,True,True,True,False,Trung binh,Trung binh,Ngan,Thap
89708,2011-09-16,2011,8.059,553,True,10.146,102.0,,102,Gốc,4000000.0,,4000000,Gốc,,,,Không có,,,True,True,False,False,Cao,Thap,Ngan,nan
508642,2018-03-28,2018,7.327,552,True,19.323,95.0,,95,Gốc,,,,Không có,21041950.0,,21041950,Gốc,,,True,False,True,False,Trung binh,Trung binh,Ngan,Trung binh
745881,2021-07-14,2021,7.062,542,True,30.869,131.0,,131,Gốc,,,,Không có,7230000.0,,7230000,Gốc,,,True,False,True,False,Trung binh,Cao,Dai,Thap
81481,2011-09-22,2011,8.151,529,True,21.713,125.0,,125,Gốc,2200000.0,,2200000,Gốc,31500000.0,,31500000,Gốc,29300000,14.318181818181818,True,True,True,False,Cao,Trung binh,Dai,Trung binh
390497,2016-08-10,2016,7.305,526,True,11.412,126.0,,126,Gốc,1000000.0,,1000000,Gốc,52444295.0,,52444295,Gốc,51444295,52.444295,True,True,True,False,Trung binh,Thap,Dai,Trung binh
293767,2016-11-10,2016,5.995,522,True,11.78,113.0,,113,Gốc,40000000.0,,40000000,Gốc,30930984.0,,30930984,Gốc,-9069016,0.7732746,True,True,True,False,Thap,Thap,Trung binh,Trung binh
518068,2018-08-01,2018,8.171,522,True,23.985,141.0,,141,Gốc,18300000.0,,18300000,Gốc,112790210.0,,112790210,Gốc,94490210,6.1633994535519125,True,True,True,False,Cao,Cao,Dai,Cao
449985,2019-03-19,2019,6.4,518,True,20.212,96.0,,96,Gốc,10000000.0,,10000000,Gốc,,,,Không có,,,True,True,False,False,Thap,Trung binh,Ngan,nan
851644,2022-10-06,2022,8.264,517,True,75.975,119.0,,119,Gốc,119.0,,119,Gốc,,,,Không có,,,True,True,False,False,Cao,Cao,Trung binh,nan
448776,2018-05-24,2018,6.757,516,True,15.054,116.0,,116,Gốc,,,,Không có,958883.0,,958883,Gốc,,,True,False,True,False,Trung binh,Thap,Trung binh,Thap
300168,2015-02-19,2015,6.362,516,True,22.678,127.0,,127,Gốc,65000000.0,,65000000,Gốc,121545703.0,,121545703,Gốc,56545703,1.8699338923076922,True,True,True,False,Thap,Trung binh,Dai,Cao
513347,2018-08-04,2018,6.876,515,True,26.546,74.0,,74,Gốc,,,,Không có,496334.0,,496334,Gốc,,,True,False,True,False,Trung binh,Cao,Ngan,Thap
11178,2001-07-27,2001,7.531,511,True,14.542,123.0,,123,Gốc,,,,Không có,,,,Không có,,,True,False,False,False,Cao,Thap,Dai,nan
581387,2019-12-19,2019,6.776,510,True,27.989,128.0,,128,Gốc,17700000.0,,17700000,Gốc,61321941.0,,61321941,Gốc,43621941,3.4645164406779663,True,True,True,False,Trung binh,Cao,Dai,Trung binh
843794,2023-01-12,2023,6.25,507,True,57.955,98.0,,98,Gốc,,,,Không có,,,,Không có,,,True,False,False,False,Thap,Cao,Ngan,nan
426284,2017-04-29,2017,6.601,479,True,18.323,140.0,,140,Gốc,,,,Không có,150532.0,,150532,Gốc,,,True,False,True,False,Trung binh,Trung binh,Dai,Thap
450001,2018-12-20,2018,6.407,472,True,16.853,107.0,,107,Gốc,,,,Không có,21832649.0,,21832649,Gốc,,,True,False,True,False,Thap,Trung binh,Trung binh,Trung binh
31967,2010-02-09,2010,6.982,465,True,13.821,84.0,,84,Gốc,,,,Không có,,,,Không có,,,True,False,False,False,Trung binh,Thap,Ngan,nan
253450,2015-08-27,2015,6.462,461,True,11.708,105.0,,105,Gốc,15000000.0,,15000000,Gốc,632542.0,,632542,Gốc,-14367458,0.04216946666666667,True,True,True,False,Trung binh,Thap,Ngan,Thap
845222,2021-07-23,2021,7.326,459,True,30.029,92.0,,92,Gốc,,,,Không có,,,,Không có,,,True,False,False,False,Trung binh,Cao,Ngan,nan
604822,2020-09-30,2020,6.31,458,True,25.56,107.0,,107,Gốc,,,,Không có,50866901.0,,50866901,Gốc,,,True,False,True,False,Thap,Cao,Trung binh,Trung binh
460648,2017-12-18,2017,5.927,457,True,21.367,109.0,,109,Gốc,65000000.0,,65000000,Gốc,,,,Không có,,,True,True,False,False,Thap,Trung binh,Trung binh,nan
241254,2014-08-22,2014,4.902,454,True,19.916,93.0,,93,Gốc,18000000.0,,18000000,Gốc,1289595.0,,1289595,Gốc,-16710405,0.07164416666666666,True,True,True,False,Thap,Trung binh,Ngan,Thap
5488,2006-12-07,2006,7.101,449,True,12.392,105.0,,105,Gốc,,,,Không có,4354510.0,,4354510,Gốc,,,True,False,True,False,Trung binh,Thap,Ngan,Thap
530254,2018-06-27,2018,7.849,440,True,27.478,125.0,,125,Gốc,5500000.0,,5500000,Gốc,24340302.0,,24340302,Gốc,18840302,4.4255094545454545,True,True,True,False,Cao,Cao,Dai,Trung binh
632322,2020-10-23,2020,7.852,438,True,12.716,93.0,,93,Gốc,25000000.0,,25000000,Gốc,2000000.0,,2000000,Gốc,-23000000,0.08,True,True,True,False,Cao,Thap,Ngan,Thap
57361,2010-12-22,2010,7.356,437,True,13.603,141.0,,141,Gốc,,,,Không có,,,,Không có,,,True,False,False,False,Trung binh,Thap,Dai,nan
289720,2014-09-26,2014,5.078,434,True,25.405,98.0,,98,Gốc,25000000.0,,25000000,Gốc,5148503.0,,5148503,Gốc,-19851497,0.20594012,True,True,True,False,Thap,Cao,Ngan,Thap
568300,2019-01-26,2019,8.232,420,True,8.255,113.0,,113,Gốc,,,,Không có,,,,Không có,,,True,False,False,False,Cao,Thap,Trung binh,nan
566454,2019-03-06,2019,6.466,415,True,9.179,101.0,,101,Gốc,,,,Không có,,,,Không có,,,True,False,False,False,Trung binh,Thap,Ngan,nan
271706,2016-07-08,2016,7.4,413,True,13.413,101.0,,101,Gốc,4531653.0,,4531653,Gốc,84552250.0,,84552250,Gốc,80020597,18.65814747951796,True,True,True,False,Trung binh,Thap,Ngan,Cao
33196,2009-07-22,2009,6.906,413,True,23.343,120.0,,120,Gốc,16000000.0,,16000000,Gốc,71641901.0,,71641901,Gốc,55641901,4.4776188125,True,True,True,False,Trung binh,Cao,Trung binh,Trung binh
573699,2019-01-11,2019,7.7,411,True,22.89,99.0,,99,Gốc,11936735.0,,11936735,Gốc,61631776.0,,61631776,Gốc,49695041,5.163202165416255,True,True,True,False,Cao,Trung binh,Ngan,Trung binh
429450,2016-12-07,2016,7.588,411,True,14.536,136.0,,136,Gốc,13938145.0,,13938145,Gốc,30169000.0,,30169000,Gốc,16230855,2.1644917598432216,True,True,True,False,Cao,Thap,Dai,Trung binh
611291,2019-08-07,2019,8.444,410,True,10.663,105.0,,105,Gốc,,,,Không có,,,,Không có,,,True,False,False,False,Cao,Thap,Ngan,nan
15384,2009-01-07,2009,7.314,407,True,13.183,141.0,,141,Gốc,80000000.0,,80000000,Gốc,121059225.0,,121059225,Gốc,41059225,1.5132403125,True,True,True,False,Trung binh,Thap,Dai,Cao
454458,2019-05-01,2019,6.659,406,True,13.811,87.0,,87,Gốc,45000000.0,,45000000,Gốc,32450241.0,,32450241,Gốc,-12549759,0.7211164666666666,True,True,True,False,Trung binh,Thap,Ngan,Trung binh
553512,2018-11-15,2018,8.391,403,True,12.676,85.0,,85,Gốc,,,,Không có,,,,Không có,,,True,False,False,False,Cao,Thap,Ngan,nan
165213,2013-02-21,2013,7.4,398,True,14.756,134.0,,134,Gốc,,,,Không có,,,,Không có,,,True,False,False,False,Trung binh,Thap,Dai,nan
269494,2014-05-29,2014,7.112,394,True,16.4,111.0,,111,Gốc,,,,Không có,26488847.0,,26488847,Gốc,,,True,False,True,False,Trung binh,Trung binh,Trung binh,Trung binh
389868,2016-08-17,2016,6.504,393,True,8.542,92.0,,92,Gốc,,,,Không có,2021735.0,,2021735,Gốc,,,True,False,True,False,Trung binh,Thap,Ngan,Thap
290864,2014-10-31,2014,6.731,391,True,14.916,100.0,,100,Gốc,25000000.0,,25000000,Gốc,129115.0,,129115,Gốc,-24870885,0.0051646,True,True,True,False,Trung binh,Thap,Ngan,Thap
32909,2009-11-26,2009,7.445,391,True,15.925,115.0,,115,Gốc,12000000.0,,12000000,Gốc,13380561.0,,13380561,Gốc,1380561,1.11504675,True,True,True,False,Trung binh,Trung binh,Trung binh,Thap
158445,2013-01-23,2013,7.926,387,True,14.956,127.0,,127,Gốc,,,,Không có,80300000.0,,80300000,Gốc,,,True,False,True,False,Cao,Thap,Dai,Trung binh
428045,2019-08-16,2019,6.213,380,True,21.565,121.0,,121,Gốc,49000000.0,,49000000,Gốc,8685794.0,,8685794,Gốc,-40314206,0.17726110204081633,True,True,True,False,Thap,Trung binh,Dai,Thap
663558,2021-02-06,2021,8.065,377,True,22.296,116.0,,116,Gốc,,,,Không có,,,,Không có,,,True,False,False,False,Cao,Trung binh,Trung binh,nan
335777,2017-08-11,2017,5.973,373,True,17.367,91.0,,91,Gốc,40000000.0,,40000000,Gốc,65146020.0,,65146020,Gốc,25146020,1.6286505,True,True,True,False,Thap,Trung binh,Ngan,Trung binh
615453,2019-07-26,2019,7.906,362,True,17.093,110.0,,110,Gốc,20000000.0,,20000000,Gốc,742500000.0,,742500000,Gốc,722500000,37.125,True,True,True,False,Cao,Trung binh,Trung binh,Cao
10253,2007-08-01,2007,4.402,361,True,16.653,90.0,,90,Gốc,32000000.0,,32000000,Gốc,75108998.0,,75108998,Gốc,43108998,2.3471561875,True,True,True,False,Thap,Trung binh,Ngan,Trung binh
575813,2019-10-25,2019,8.183,360,True,14.964,135.0,,135,Gốc,,,,Không có,225879065.0,,225879065,Gốc,,,True,False,True,False,Cao,Thap,Dai,Cao
48492,2010-09-18,2010,6.566,357,True,14.293,123.0,,123,Gốc,13000000.0,,13000000,Gốc,51723285.0,,51723285,Gốc,38723285,3.978714230769231,True,True,True,False,Trung binh,Thap,Dai,Trung binh
842675,2023-01-22,2023,7.238,357,True,80.892,173.0,,173,Gốc,73801827.0,,73801827,Gốc,604380922.0,,604380922,Gốc,530579095,8.189240653893297,True,True,True,False,Trung binh,Cao,Dai,Cao
309302,2015-02-19,2015,6.511,356,True,7.124,116.0,,116,Gốc,38000000.0,,38000000,Gốc,123205624.0,,123205624,Gốc,85205624,3.242253263157895,True,True,True,False,Trung binh,Thap,Trung binh,Cao
381890,2016-02-08,2016,6.497,355,True,14.783,93.0,,93,Gốc,60720000.0,,60720000,Gốc,553810228.0,,553810228,Gốc,493090228,9.120721805006587,True,True,True,False,Trung binh,Thap,Ngan,Cao
59421,2010-08-19,2010,7.166,353,True,10.752,115.0,,115,Gốc,700000.0,,700000,Gốc,,,,Không có,,,True,True,False,False,Trung binh,Thap,Trung binh,nan
360638,2015-10-07,2015,6.631,351,True,5.689,100.0,,100,Gốc,,,,Không có,,,,Không có,,,True,False,False,False,Trung binh,Thap,Ngan,nan
94047,2011-12-21,2011,7.868,345,True,14.108,137.0,,137,Gốc,25500000.0,,25500000,Gốc,16653488.0,,16653488,Gốc,-8846512,0.6530779607843137,True,True,True,False,Cao,Thap,Dai,Thap
30596,2009-12-18,2009,6.8,338,True,15.563,139.0,,139,Gốc,23000000.0,,23000000,Gốc,6604537.0,,6604537,Gốc,-16395463,0.2871537826086957,True,True,True,False,Trung binh,Trung binh,Dai,Thap
14197,2008-05-26,2008,6.661,335,True,8.222,92.0,,92,Gốc,,,,Không có,,,,Không có,,,True,False,False,False,Trung binh,Thap,Ngan,nan
518896,2022-08-05,2022,7.209,335,True,34.245,101.0,,101,Gốc,,,,Không có,100730000.0,,100730000,Gốc,,,True,False,True,False,Trung binh,Cao,Ngan,Cao
383785,2017-01-27,2017,5.832,331,True,18.611,107.0,,107,Gốc,65000000.0,,65000000,Gốc,254212245.0,,254212245,Gốc,189212245,3.9109576153846155,True,True,True,False,Thap,Trung binh,Trung binh,Cao
170657,2013-02-07,2013,6.915,330,True,18.941,110.0,,110,Gốc,,,,Không có,215000000.0,,215000000,Gốc,,,True,False,True,False,Trung binh,Trung binh,Trung binh,Cao
33908,2004-08-20,2004,6.802,328,True,13.883,125.0,,125,Gốc,77532.0,,77532,Gốc,516930.0,,516930,Gốc,439398,6.667311561677759,True,True,True,False,Trung binh,Thap,Dai,Thap
463319,2018-09-30,2018,6.9,328,True,14.874,116.0,,116,Gốc,44005000.0,,44005000,Gốc,91708374.0,,91708374,Gốc,47703374,2.084044404044995,True,True,True,False,Trung binh,Thap,Trung binh,Cao
123377,2012-09-05,2012,7.146,326,True,13.251,104.0,,104,Gốc,103000.0,,103000,Gốc,6616296.0,,6616296,Gốc,6513296,64.23588349514563,True,True,True,False,Trung binh,Thap,Ngan,Thap
11653,2005-05-11,2005,6.328,325,True,20.498,118.0,,118,Gốc,15000000.0,,15000000,Gốc,,,,Không có,,,True,True,False,False,Thap,Trung binh,Trung binh,nan
55292,2011-01-20,2011,6.898,325,True,19.14,131.0,,131,Gốc,29000000.0,,29000000,Gốc,33662874.0,,33662874,Gốc,4662874,1.1607887586206898,True,True,True,False,Trung binh,Trung binh,Dai,Trung binh
413658,2016-11-18,2016,6.573,322,True,15.529,108.0,,108,Gốc,,,,Không có,,,,Không có,,,True,False,False,False,Trung binh,Trung binh,Trung binh,nan
1450,2009-04-02,2009,5.7,321,True,11.315,91.0,,91,Gốc,30000000.0,,30000000,Gốc,5874530.0,,5874530,Gốc,-24125470,0.19581766666666667,True,True,True,False,Thap,Thap,Ngan,Thap
219572,2013-12-24,2013,6.179,319,True,12.752,108.0,,108,Gốc,,,,Không có,94249025.0,,94249025,Gốc,,,True,False,True,False,Thap,Thap,Trung binh,Cao
276905,2016-01-14,2016,4.687,315,True,10.88,86.0,,86,Gốc,7000000.0,,7000000,Gốc,17062499.0,,17062499,Gốc,10062499,2.437499857142857,True,True,True,False,Thap,Thap,Ngan,Thap
849869,2023-02-17,2023,6.925,313,True,29.383,137.0,,137,Gốc,,,,Không có,,,,Không có,,,True,False,False,False,Trung binh,Cao,Dai,nan
736732,2022-06-08,2022,7.2,312,True,30.84,129.0,,129,Gốc,,,,Không có,18632208.0,,18632208,Gốc,,,True,False,True,False,Trung binh,Cao,Dai,Thap
800345,2022-08-05,2022,6.108,311,True,37.45,132.0,,132,Gốc,,,,Không có,,,,Không có,,,True,False,False,False,Thap,Cao,Dai,nan
334298,2015-07-16,2015,6.447,311,True,13.031,118.0,,118,Gốc,,,,Không có,387053506.0,,387053506,Gốc,,,True,False,True,False,Trung binh,Thap,Trung binh,Cao
47854,2010-09-01,2010,6.894,310,True,14.756,105.0,,105,Gốc,,,,Không có,48398.0,,48398,Gốc,,,True,False,True,False,Trung binh,Thap,Ngan,Thap
665399,2019-10-09,2019,9.172,306,True,4.892,231.0,,231,Gốc,,,,Không có,,,,Không có,,,True,False,False,False,Cao,Thap,Dai,nan
575428,2019-12-06,2019,6.627,306,True,10.313,113.0,,113,Gốc,,,,Không có,,,,Không có,,,True,False,False,False,Trung binh,Thap,Trung binh,nan
620249,2019-08-27,2019,8.421,304,True,22.866,102.0,,102,Gốc,,,,Không có,48045728.0,,48045728,Gốc,,,True,False,True,False,Cao,Trung binh,Ngan,Trung binh
479718,2017-10-03,2017,7.804,301,True,23.857,121.0,,121,Gốc,5883687.0,,5883687,Gốc,52946454.0,,52946454,Gốc,47062767,8.998856329373062,True,True,True,False,Cao,Cao,Dai,Trung binh
204553,2013-07-03,2013,7.475,300,True,57.107,119.0,,119,Gốc,,,,Không có,37795598.0,,37795598,Gốc,,,True,False,True,False,Trung binh,Cao,Trung binh,Trung binh
35854,2007-07-26,2007,6.9,295,True,15.24,88.0,,88,Gốc,8000000.0,,8000000,Gốc,6177725.0,,6177725,Gốc,-1822275,0.772215625,True,True,True,False,Trung binh,Trung binh,Ngan,Thap
18377,2006-12-14,2006,6.786,292,True,17.077,120.0,,120,Gốc,4000000.0,,4000000,Gốc,,,,Không có,,,True,True,False,False,Trung binh,Trung binh,Trung binh,nan
363579,2016-09-07,2016,7.252,292,True,8.238,140.0,,140,Gốc,9620000.0,,9620000,Gốc,53165427.0,,53165427,Gốc,43545427,5.526551663201663,True,True,True,False,Trung binh,Thap,Dai,Trung binh
938008,2022-07-13,2022,7.9,291,True,36.517,95.0,,95,Gốc,,,,Không có,595112.0,,595112,Gốc,,,True,False,True,False,Cao,Cao,Ngan,Thap
14392,2007-12-12,2007,6.733,287,True,15.846,126.0,,126,Gốc,40000000.0,,40000000,Gốc,,,,Không có,,,True,True,False,False,Trung binh,Trung binh,Dai,nan
45202,2010-05-13,2010,6.427,287,True,14.564,107.0,,107,Gốc,4000000.0,,4000000,Gốc,,,,Không có,,,True,True,False,False,Thap,Thap,Trung binh,nan
8653,2000-04-22,2000,7.007,285,True,14.137,90.0,,90,Gốc,50000.0,,50000,Gốc,24963.0,,24963,Gốc,-25037,0.49926,True,True,True,False,Trung binh,Thap,Ngan,Thap
585077,2019-06-07,2019,7.141,283,True,13.33,110.0,,110,Gốc,,,,Không có,,,,Không có,,,True,False,False,False,Trung binh,Thap,Trung binh,nan
571785,2020-02-22,2020,7.221,280,True,14.661,135.0,,135,Gốc,9070000.0,,9070000,Gốc,,,,Không có,,,True,True,False,False,Trung binh,Thap,Dai,nan
187022,2013-10-04,2013,7.259,280,True,11.25,131.0,,131,Gốc,4000000.0,,4000000,Gốc,154120.0,,154120,Gốc,-3845880,0.03853,True,True,True,False,Trung binh,Thap,Dai,Thap
435366,2017-02-09,2017,7.7,280,True,16.329,126.0,,126,Gốc,,,,Không có,,,,Không có,,,True,False,False,False,Cao,Trung binh,Dai,nan
15859,2004-11-05,2004,7.826,278,True,11.778,117.0,,117,Gốc,4200000.0,,4200000,Gốc,,,,Không có,,,True,True,False,False,Cao,Thap,Trung binh,nan
35138,2010-02-14,2010,6.952,273,True,14.394,96.0,,96,Gốc,25000000.0,,25000000,Gốc,,,,Không có,,,True,True,False,False,Trung binh,Thap,Ngan,nan
441393,2018-09-21,2018,6.855,272,True,8.887,141.0,,141,Gốc,,,,Không có,,,,Không có,,,True,False,False,False,Trung binh,Thap,Dai,nan
47909,2010-05-13,2010,7.581,272,True,9.597,139.0,,139,Gốc,,,,Không có,349899.0,,349899,Gốc,,,True,False,True,False,Cao,Thap,Dai,Thap
14310,2003-12-12,2003,6.943,271,True,15.307,118.0,,118,Gốc,250000.0,,250000,Gốc,,,,Không có,,,True,True,False,False,Trung binh,Trung binh,Trung binh,nan
408266,2017-08-25,2017,5.7,271,True,22.258,103.0,,103,Gốc,31000000.0,,31000000,Gốc,7125027.0,,7125027,Gốc,-23874973,0.2298395806451613,True,True,True,False,Thap,Trung binh,Ngan,Thap
333667,2016-07-08,2016,6.185,271,True,15.142,90.0,,90,Gốc,60000000.0,,60000000,Gốc,9420546.0,,9420546,Gốc,-50579454,0.1570091,True,True,True,False,Thap,Thap,Ngan,Thap
140212,2012-11-08,2012,7.2,270,True,9.72,119.0,,119,Gốc,,,,Không có,,,,Không có,,,True,False,False,False,Trung binh,Thap,Trung binh,nan
795607,2021-07-23,2021,8.3,267,True,14.361,131.0,,131,Gốc,,,,Không có,87212911.0,,87212911,Gốc,,,True,False,True,False,Cao,Thap,Dai,Cao
626872,2022-08-03,2022,7.62,267,True,33.35,140.0,,140,Gốc,18052672.0,,18052672,Gốc,19200000.0,,19200000,Gốc,1147328,1.0635544699421782,True,True,True,False,Cao,Cao,Dai,Thap
452015,2018-01-31,2018,6.164,266,True,12.044,101.0,,101,Gốc,,,,Không có,,,,Không có,,,True,False,False,False,Thap,Thap,Ngan,nan
811634,2021-04-02,2021,7.136,265,True,13.473,95.0,,95,Gốc,20000000.0,,20000000,Gốc,13000000.0,,13000000,Gốc,-7000000,0.65,True,True,True,False,Trung binh,Thap,Ngan,Thap
8198,2002-11-22,2002,6.492,265,True,10.743,101.0,,101,Gốc,30000000.0,,30000000,Gốc,27674124.0,,27674124,Gốc,-2325876,0.9224708,True,True,True,False,Trung binh,Thap,Ngan,Trung binh
124157,2012-07-25,2012,6.714,264,True,12.976,135.0,,135,Gốc,,,,Không có,83519699.0,,83519699,Gốc,,,True,False,True,False,Trung binh,Thap,Dai,Trung binh
432836,2017-09-07,2017,7.405,262,True,17.045,118.0,,118,Gốc,125000.0,,125000,Gốc,,,,Không có,,,True,True,False,False,Trung binh,Trung binh,Trung binh,nan
799379,2022-09-21,2022,6.411,259,True,84.751,122.0,,122,Gốc,9000000.0,,9000000,Gốc,,,,Không có,,,True,True,False,False,Thap,Cao,Dai,nan
467824,2018-07-25,2018,6.309,259,True,12.987,138.0,,138,Gốc,16723043.0,,16723043,Gốc,,,,Không có,,,True,True,False,False,Thap,Thap,Dai,nan
